推荐,1
建议,1
首选,1
最佳,1
热门,1
精选,1
值得买,1
性价比高,1
口碑好,1
排行榜,1
爆款,1
必入,1
好评如潮,1
畅销,1
新品,1
独家,1
限时优惠,1
折扣,1
促销,1
特价,1
必备,1
神器,1
经典款,1
高端,1
实用,1
耐用,1
高效,1
好用,1
靠谱,1
专业,1
权威,1
专家推荐,1
用户喜爱,1
回头率高,1
销量高,1
网红款,1
潮流,1
时尚,1
创新,1
黑科技,1
定制,1
个性化,1
适合,1
匹配,1
最优选,1
不踩雷,1
高颜值,1
品质保证,1
售后服务好,1
长期使用,1
最近,0
今天,0
天气,0
吃饭,0
周末,0
假期,0
旅行,0
电影,0
音乐,0
游戏,0
健身,0
学习,0
工作,0
生活,0
朋友,0
家人,0
宠物,0
爱好,0
兴趣,0
八卦,0
新闻,0
热点,0
搞笑,0
趣事,0
回忆,0
童年,0
未来,0
梦想,0
计划,0
心情,0
开心,0
烦恼,0
压力,0
放松,0
熬夜,0
早起,0
购物,0
穿搭,0
美食,0
探店,0
咖啡,0
奶茶,0
运动,0
跑步,0
瑜伽,0
读书,0
追剧,0
综艺,0
明星,0
闲聊,0
